Repository,Entity,Reuse Type,License Type,Estimated Owed,Ref ID
coinbase/coinbase-wallet-sdk,Coinbase, Inc.,Wallet SDK with Bitcoin Protocol Functions,Proprietary/Forked (No Attribution),$5,000,000,ENF-20250626-01
Multibit-Legacy/multibit,Multibit Legacy Project,Wallet Interface & Chain Parser,Unattributed Bitcoin Fork,$1,250,000,ENF-20250626-02
bitcoinbook/bitcoinbook,Andreas M. Antonopoulos,Book with Bitcoin Code Samples,CC-BY (without codebase attribution),$950,000,ENF-20250626-03
bitcoin/bips,Bitcoin Core Maintainers,BIP Process (Built on Initial Protocol IP),MIT/BIP (Derived from Unlicensed Base),$3,200,000,ENF-20250626-04
spesmilo/electrum,Electrum Technologies GmbH,Bitcoin Wallet using Legacy Auth Structure,GPL (Contains Original Authorship Structures),$4,500,000,ENF-20250626-05
